address,rank,overall_pnl_30d,win_rate,median_holding_h,fills_per_day,max_single_loss,quality_score,fwd_pnl,fwd_sharpe,fwd_trades,fwd_closing_fills
0xd9ee2b58b061d62d8090f4cba11b5c2043b0cd0c,1,439910.87274911,0.951,93.87,61.9,-1588.28,176536.0,20775.17,0.0484,2000,1307
0x59629e23c52a0d7c092436870ef2db1dc382ddf8,5,110502.351046,0.833,2.74,8.7,-6137.21,126408.0,-79442.86,-0.1897,2000,483
0xbdfa4f4492dd7b7cf211209c4791af8d52bf5c50,7,72222.77368907,0.75,20.82,4.7,-9999.9,105482.0,5960.36,1.1013,17,3
0xfcecc2a54724cf0502eb7c916e2717ef76a510ed,2,401988.50412431,0.505,16.53,65.4,-48029.38,73129.0,114932.21,0.0486,2000,1124
0x0a3343b600d81cdaac131342652241cd32e14349,9,66462.99791959,0.429,17.65,8.6,-17322.51,61716.0,-1602.02,-0.1819,4,4
0x224d6f8b2d6510ca76ef9a747733077b25b3f59f,21,32013.11646003,1.0,43.89,0.4,0.46,48020.0,0.0,0.0,0,0
0x413a302874db24bff6a0b085f3a65d840c41615b,18,33518.1308408,0.924,0.12,10.2,-19.65,47721.0,0.0,0.0,0,0
0xb31533962e88b707355777244d94ba5e1e6a7893,23,30056.51456384,0.991,6.17,52.2,-7497.46,42651.0,3579.9,0.0147,2000,74
0x433c221b2172778c962a144c074bbc045bb8361b,20,32123.04918433,0.806,103.55,55.6,-14398.65,41938.0,-30968.29,-0.8484,25,25
0x1d6a027a1c71ff4eaa13283542f8fbb9b4fc72ad,19,32796.5361305,0.708,7.59,5.3,-860.78,39608.0,0.0,0.0,0,0
0x7a4f914c2edd8bd6941ba51058289dc396b385c4,13,43411.07131137,1.0,10.78,20.9,0.89,39286.0,440.6,0.0088,264,42
0x166866a2845506f6b4c817482fe53b4985882ea6,25,28501.49370002,0.714,19.76,1.8,-3054.2,34609.0,11990.34,0.055,858,298
0x7602860bc0c4124580cd42a0d1bb27336fc6386a,12,44070.73263224,0.898,94.97,65.2,-19.67,29216.0,-42790.0,-0.063,1299,373
0xe1073ff3f3d800ffbb7a816853e34109255b874f,45,14647.05797185,0.959,8.81,12.6,-2831.51,28154.0,501.82,0.0126,205,83
0x70f7112496b7ed6aba26dde584961fa4b4138de7,37,19256.05101869,0.673,0.45,15.5,-2782.4,21075.0,,,,
0x5e13a4a84c83e0895e3079eb49c53f25237109b2,42,15604.09758056,0.676,4.73,18.8,-4257.34,18358.0,,,,
0x2e9215ebf1214565ee016f9302ca8846b51de069,48,13498.08655471,0.988,12.17,15.2,-999.94,17637.0,,,,
0xc9b3ef98f2b260c2c4c48323e8863f4dfed3d5a7,53,12421.09208008,0.889,7.75,3.2,-2570.91,17252.0,-38020.5,-0.0474,2000,648
0xd8074220bf74b705ac552d189e49e8df7f227eb2,51,12969.29091477,0.742,9.4,25.8,-1867.3,16103.0,2534.36,0.049,1515,540
0xaddc680878f96b93189f700d17f4a9bfcf80ff54,3,154822.1610604,0.439,8.12,66.6,-2073.3,15571.0,-19143.6,-0.0839,2000,57
0xf212ba250bd0939d60532141da56329f8524ba67,61,10188.98443004,1.0,9.24,0.3,101.82,15354.0,41906.09,0.1933,547,311
0xcb71eb21f53a2f4de0f26dc90518df10be13d1ec,40,16141.15563945,0.568,8.43,51.3,-412.27,15125.0,-5056.4,-0.273,357,133
0x543d59da294b39980f3a7ae8bf52fccb046a67bc,49,13098.72351,0.632,15.65,4.2,-8169.44,14822.0,-9300.75,-0.0447,218,27
0x4a24fd841e74c28309bca5730b40679e18c5fca0,59,10606.15186001,0.686,12.58,7.3,-2801.21,12523.0,-12144.79,-0.3795,134,17
0x630a4438b08a821d342ed8d54f9339d2fefd17c7,74,7734.87902004,1.0,8.39,2.1,0.33,11602.0,-34664.95,-0.5965,43,43
0x45e750e74b4f9025d1ea4726390bf3ecb96393c6,67,8762.21656125,0.985,9.44,16.5,-500.0,11504.0,-125.74,-0.024,105,19
0x752376615242e8e1dfe0df7589693957ff40b538,65,8871.86596,0.727,6.11,2.3,-2584.26,10888.0,5149.8,0.0254,336,57
0x30f58e4036cafb8609193a6d17baffe29cdfc7c9,70,8206.35357009,0.736,14.84,16.1,-345.62,10140.0,-5997.7,-0.0863,796,243
0x4d4c072195cf5aa65554694b6ca6637611b5bbfd,81,6733.09682693,1.0,2.85,50.5,0.07,10100.0,0.0,0.0,0,0
0xef51c6b7eff0d16038743bf924879d295a4b971f,87,6191.52958012,0.957,3.51,1.8,-1031.88,9018.0,-10314.52,-0.3025,21,20
0x2a0441826a24ea48dd604bcaff45e40e72a1f711,85,6376.60082896,0.846,14.78,56.6,-148.65,8693.0,36.88,0.445,2000,13
0xe479b6329ff7f81f619b4642eeb6b989648ed9cf,89,5819.09749932,0.828,9.85,4.9,-622.79,8473.0,-23455.54,-0.1637,642,245
0x556d539002b19c923a08f664564f2ec6aba5681e,66,8862.73925004,0.444,30.29,1.2,-221.87,8384.0,-3188.46,-0.2313,68,16
0xeeba7d00838ffe5d43da4a0c69b949784670c8d2,57,11004.66843043,0.22,7.84,5.6,-6666.67,7918.0,-1036.46,-0.2689,26,6
0x8df3e0b89ceff88af367c17423e4ef2f3543a8d4,46,14130.42684823,0.69,18.34,7.2,-2219.78,7690.0,7252.41,0.0987,732,313
0xc48d912c6596a0138e058323fd9929209a66cfd8,56,11062.01129012,0.118,14.31,1.3,-5082.92,6832.0,-10920.86,-0.1119,170,31
0x873c9115d2a0adf17497370958ec2c78cff6dd05,105,4545.66433006,1.0,2.44,1.0,7.89,6818.0,0.0,0.0,0,0
0x693072edf90445ad612dcb68c12b208746698521,91,5735.35154,0.667,5.21,1.4,-1462.62,6691.0,0.0,0.0,0,0
0x770e5368c665455ca34df9ab824e60bcc4ee5816,109,4369.09702009,1.0,7.2,1.6,4.41,6554.0,0.0,0.0,0,0
0x44b639a83b72e0f73035e902aea293a4d2cfe8dc,69,8353.49094888,0.63,20.92,15.4,-1752.93,6309.0,-782.84,-0.1028,162,14
0x864d69e84bcbf88dc63c0333501b1db5d3fdbf28,99,4836.96329,0.692,3.03,2.4,-99.81,5767.0,-18.71,-0.2094,60,12
0xc57c395e36d14ae6012e027b297407f7ab1167c7,47,13545.20811468,0.241,1.4,16.2,-62.75,5739.0,-24.99,-0.2154,621,345
0x73f380d46c67eb0183b2b23bd1e963a9c82ef316,112,4230.84003,0.833,26.27,1.0,-999.77,5641.0,1361.61,0.653,85,14
0x4da4a2f69cb2f61a49efb7423b1f093b79c6f1f2,92,5619.83893008,0.667,0.98,0.6,-7.17,5336.0,5402.88,0.1392,619,239
0x552b6ad871f27a9729162c18d769050363f2d57e,113,4204.29772042,0.697,28.88,2.7,-644.34,5151.0,1388.22,0.2928,218,100
0xf649703c3c06946c8448b98c6589e8c0ce7b368d,101,4771.35609559,0.72,4.95,13.7,-577.22,5055.0,-5944.17,-0.1241,532,92
0x78cecfc06e64d026c9525f400921a19ba6c386ce,24,30040.10256358,0.606,14.85,65.7,-2691.66,4947.0,413.14,0.0088,2000,842
0x9551e7d4cd963558bb9882aecc74f549262e217f,55,11716.68501097,0.356,5.59,60.6,-518.35,4875.0,8461.6,0.057,1832,515
0x9e875bd28ee5001478c16cb0c8329116a3c3e816,97,4959.40541,0.423,17.84,2.4,-336.12,4578.0,-775.26,-0.0949,1212,50
0x0e92f1ac42a3f9dc7cdd9fde7dc21c14477ce2b6,107,4522.14322913,0.471,19.74,54.3,-790.0,4393.0,-5651.98,-0.2239,716,151
0xf84a9bb19845f4d79a14e1deb475a311b4224ba9,17,37335.57673789,0.764,25.83,66.7,-561.37,4172.0,8303.81,0.0679,2000,345
0xba78871966397b1b967a06f3bbc711ddc154fc9e,36,20206.9611301,0.309,10.78,66.7,-272.45,3984.0,3954.15,0.0325,1131,371
0xea722a08744f35e635dc54345d16c10f12f2da6e,120,3929.48789007,0.477,13.57,3.3,-649.86,3840.0,-359.17,-0.0322,79,22
0x0f7795a283a92dd41e9fa1675ef8b527305270ab,96,5080.96634372,1.0,3.1,1.0,1.67,3637.0,0.0,0.0,0,0
0xbc2402383219f8d24efa9c7bb31466651dfa62f4,80,6767.21901583,0.5,5.47,0.9,-200.89,3584.0,-2419.53,-0.6009,30,5
0x0aeb716867494fcb430ae9c7f04c3e232d98140b,63,9418.48368611,1.0,13.54,2.4,208.32,3301.0,0.0,0.0,0,0
0xcaef5b46df8077a07ddb2e1be56e768d8c81f6e0,95,5203.18336396,0.721,14.54,66.1,-331.28,3249.0,0.0,0.0,0,0
0x28839a9fc4a6465000c5c5775983742545ce5ca5,111,4237.69141654,0.379,18.25,6.4,-304.11,3239.0,8701.42,0.0629,1709,857
0x0ca5ec2afd63a192de5aa103f134bb59f0e47f7f,98,4934.56445762,0.818,10.91,1.9,-1117.18,3132.0,-545.47,-0.2577,27,15
0x6994e2026fd823933a795ca74779edb0739b7b66,94,5391.73047876,1.0,6.3,0.5,39.45,2579.0,-29.97,-0.4073,14,6
0x549de4f045f71d962fff89e8c023b52b9db89c2c,68,8640.76557857,0.506,10.54,14.3,-629.02,2336.0,-2134.81,-0.0343,2000,1124
0xf0bb8ff960fa3b089e27e904d80038b36c8ed4a7,62,10043.55386613,0.565,7.05,65.0,-346.73,1602.0,-890.27,-0.0183,802,257
0x61b35e240c404399b8197468aeaecac51d4f86fe,32,21125.97537052,0.667,19.23,4.2,-3109.76,1408.0,41719.75,0.299,216,43
0xc926ddba8b7617dbc65712f20cf8e1b58b8598d3,26,27286.77393403,0.772,1.1,6.2,-24.33,1261.0,-6895.87,-0.0727,2000,936
0x9c50c8e0daf424880ee29007b3fe5b6b1c82ce81,106,4542.17745649,0.496,22.07,66.1,-515.05,1211.0,-96.55,-0.0046,952,421
0x69cdee059a750b584473e3370be6a4555ac837ec,84,6425.54221123,0.519,15.69,65.5,-179.83,867.0,115.94,0.0028,1708,729
0x6cd520c1a07c9b53b33d62d04d3c2a3175161968,64,8997.10940424,1.0,0.55,1.4,4.13,729.0,-1000.16,-0.0084,2000,972
0x1050cf788aa24bb06e6da6dc789dfd49424be21e,22,31301.80648681,0.389,11.16,60.4,-72.52,718.0,-5098.08,-0.0724,2000,834
0x8490a5012b338b2ecea15a5a931f02d3d4f3bb19,35,20351.69381269,0.508,5.45,66.7,-325.95,652.0,0.0,0.0,0,0
0x5db201ae15f9702f0a0ff9f00b8c1c18355373d0,119,3959.78016941,1.0,1.3,1.4,0.0,368.0,0.0,0.0,0,0
0x6abc111bd22bb38e649f81be60dfbeb35648aac6,79,7105.40562008,1.0,3.73,0.4,0.05,347.0,6422.04,0.0641,2000,850
0x91837f5e4c2a29b101fecb47fee889f9144b09b8,110,4282.35729687,0.143,16.26,1.5,-401.46,315.0,-75.75,-0.4536,10,5
0x1e532f0cb079be639b86073d78e0f4006cecfeac,27,26393.61365845,0.511,5.8,56.0,-1870.8,296.0,558.71,0.0076,2000,693
0xb0026ca48937bd18c5941c05decab68b0fcced8a,6,83631.95847,1.0,15.1,7.1,6000.0,0,98075.35,0.1763,1046,263
0x577ad1d3512b4def17c686eb2c08281d0e906d33,10,60003.188,1.0,10.2,0.5,60003.19,0,0.0,0.0,0,0
0xcb58b8f5ec6d47985f0728465c25a08ef9ad2c7b,14,39752.94800891,0.0,15.49,2.3,-1895.71,0,8466.24,0.0267,854,28
0x569870903c3ef9768427135f907cb80376d1a3e0,15,38888.64,1.0,123.58,0.1,38888.64,0,0.0,0.0,0,0
0xa1d08b307a51a8caf302791445640bde80482bbf,50,13072.34543,1.0,10.71,0.3,13072.35,0,-176606.66,-0.5282,151,9
0x78167a1f0cc35e9a7eeffda5751c4e6f3616c499,58,10929.82767,1.0,53.52,0.6,10929.83,0,15859.4,0.0388,2000,973
0x9a1124c66975bbf97ac359ab7bfb743ad73fe838,76,7369.89894,1.0,11.55,0.4,7369.9,0,0,0.0,2,0
0x3a32c838e1f5556503ea18c402ef9d48105574d5,82,6659.03411,1.0,1.92,0.4,12.7,0,-32358.25,-0.1811,472,225
0xf0d4d2df235e2ab478c5d99c7e2d416a47c47de9,88,5913.00228906,1.0,4.03,0.7,1.98,0,-5.88,-0.9563,27,8
0x145dcfb47920325d5bb44d239cb9fd0dcada8bc7,90,5751.52096,1.0,15.59,0.9,5775.29,0,-2518.71,-0.4649,25,11
0x4e5882755cce5674b7b1faccdd061857c627d09a,102,4687.25348001,1.0,9.78,0.4,624.22,0,0.0,0.0,0,0
0x250b6caa76cf8c72b8ecd546d78dc096fa8eb824,103,4581.89881021,1.0,9.76,0.7,27.22,0,-11833.4,-0.0203,2000,983
0x7db93738b0a4606e5a1e5c394c644cb528d577e7,108,4382.8684,1.0,6.31,0.9,2082.32,0,6881.78,0.1022,247,89
0x5ccd0c9faeec054625767451602ae44dad0f3620,114,4176.17911689,0.0,5.62,0.7,-520.21,0,0,0.0,4,0
0x2a21cc5d8bcaa0d10078c99606b03ee46c58817d,115,4146.80760548,0.0,1.26,0.2,-3.96,0,293.11,0.0882,218,137
0x30fabf0754da17f6c8eca338ddd3581eb911fa11,117,4006.91986,1.0,5.7,0.3,4006.92,0,23.44,0.6458,7,5
0xf957e361399ca0592d6f550f41449f0005814ef0,86,6298.78562854,0.481,2.27,66.7,-330.07,-86.0,394.13,0.0285,2000,903
0xcd353c98b502b6ad583af25e781f673af28acc23,77,7218.90773529,0.2,19.57,1.8,-398.94,-218.0,-122.45,0.0,8,1
0x15fd0c1807a791100461893f4bc3e43d5022d5ae,100,4795.40453206,0.5,10.42,66.5,-432.55,-478.0,301.4,0.0116,2000,140
0xd053e13157b4f76827fb919c3c8a02eed734b0b3,38,17986.98751591,0.158,12.53,66.7,-2798.68,-485.0,10177.08,0.1273,2000,322
0x11e1fdcfb680ed1e71ad336adac324d37202263c,31,22367.23260077,0.75,9.86,3.6,-870.6,-1048.0,7104.54,0.2612,616,323
0x7258d00a24d6829ac4bf355127bfbc9e2303aed4,33,20699.08563169,0.053,6.86,26.1,-4000.0,-2859.0,-145831.95,-0.1416,2000,1510
0xa31c8c9af718d35cac18bd2164efc7460e31a8de,8,68993.61760702,0.974,34.23,15.9,-21215.77,-5930.0,-633.02,-0.014,2000,194
0x64646ff8d247b9a8fb816accc7b8c7e917cfeb64,78,7218.75893728,0.4,9.09,7.7,-10497.88,-10438.0,495.39,0.0554,105,53
