address,rank,overall_pnl_30d,overall_trades_30d,outcome_fills,outcome_buys,outcome_sells,settled_pnl,gross_win,gross_loss,win_rate_settled,max_single_loss,distinct_outcomes,perp_fills,outcome_fraction,quality_score
0xd9ee2b58b061d62d8090f4cba11b5c2043b0cd0c,1,439910.87274911,3657,1856,1177,679,121631.67,125153.13,-3521.46,0.951,-1588.28,50,144,0.928,176536.1
0x59629e23c52a0d7c092436870ef2db1dc382ddf8,5,110502.351046,1693,262,250,12,94806.18,100943.97,-6137.79,0.833,-6137.21,12,1738,0.131,126408.24
0xfcecc2a54724cf0502eb7c916e2717ef76a510ed,2,401988.50412431,19013,1961,525,1436,72773.88,368367.43,-295593.55,0.505,-48029.38,57,39,0.981,73128.63
0x0a3343b600d81cdaac131342652241cd32e14349,9,66462.99791959,259,259,238,21,66463.0,98533.92,-32070.93,0.429,-17322.51,26,4,0.985,61715.64
0x413a302874db24bff6a0b085f3a65d840c41615b,18,33518.1308408,306,306,188,118,33518.13,33539.4,-21.27,0.924,-19.65,18,0,1.0,47720.73
0xb31533962e88b707355777244d94ba5e1e6a7893,23,30056.51456384,4524,1567,1216,351,28596.73,38094.18,-9497.44,0.991,-7497.46,26,2,0.999,42650.68
0x433c221b2172778c962a144c074bbc045bb8361b,20,32123.04918433,1667,1667,1087,580,32123.05,66051.23,-33928.18,0.806,-14398.65,50,0,1.0,41938.43
0x1d6a027a1c71ff4eaa13283542f8fbb9b4fc72ad,19,32796.5361305,159,159,94,65,32796.54,35596.0,-2799.46,0.708,-860.78,6,0,1.0,39608.12
0x7a4f914c2edd8bd6941ba51058289dc396b385c4,13,43411.07131137,1330,627,596,31,26190.73,26190.73,0,1.0,0.89,22,1,0.998,39286.09
0x7602860bc0c4124580cd42a0d1bb27336fc6386a,12,44070.73263224,3696,1955,1512,443,20892.08,21110.46,-218.39,0.898,-19.67,50,45,0.978,29215.9
0xe1073ff3f3d800ffbb7a816853e34109255b874f,45,14647.05797185,410,379,185,194,19299.95,24929.68,-5629.73,0.959,-2831.51,11,1621,0.19,28154.05
0x70f7112496b7ed6aba26dde584961fa4b4138de7,37,19256.05101869,734,466,240,226,17973.52,22759.83,-4786.32,0.673,-2782.4,21,363,0.562,21075.14
0x5e13a4a84c83e0895e3079eb49c53f25237109b2,42,15604.09758056,563,563,427,136,15604.1,37965.7,-22361.6,0.676,-4257.34,65,0,1.0,18357.76
0x2e9215ebf1214565ee016f9302ca8846b51de069,48,13498.08655471,12807,457,371,86,11849.55,12849.49,-999.94,0.988,-999.94,3,1543,0.229,17636.54
0xc9b3ef98f2b260c2c4c48323e8863f4dfed3d5a7,53,12421.09208008,97,97,52,45,12421.09,18524.4,-6103.31,0.889,-2570.91,16,1265,0.071,17251.52
0xaddc680878f96b93189f700d17f4a9bfcf80ff54,3,154822.1610604,16243,1998,1875,123,16581.8,46648.63,-30066.83,0.439,-2073.3,24,2,0.999,15570.72
0xcb71eb21f53a2f4de0f26dc90518df10be13d1ec,40,16141.15563945,6488,1540,966,574,14163.0,23215.49,-9052.49,0.568,-412.27,33,460,0.77,15125.29
0x4a24fd841e74c28309bca5730b40679e18c5fca0,59,10606.15186001,221,219,184,35,10561.26,20181.36,-9620.1,0.686,-2801.21,23,113,0.66,12522.63
0x630a4438b08a821d342ed8d54f9339d2fefd17c7,74,7734.87902004,63,64,54,10,7734.88,7734.88,0,1.0,0.33,6,91,0.413,11602.32
0x45e750e74b4f9025d1ea4726390bf3ecb96393c6,67,8762.21656125,890,494,427,67,7746.19,8246.19,-500.0,0.985,-500.0,4,1506,0.247,11503.67
0x752376615242e8e1dfe0df7589693957ff40b538,65,8871.86596,70,70,59,11,8871.87,13207.6,-4335.74,0.727,-2584.26,12,0,1.0,10888.2
0x30f58e4036cafb8609193a6d17baffe29cdfc7c9,70,8206.35357009,482,482,308,174,8206.35,10401.8,-2195.45,0.736,-345.62,52,145,0.769,10140.03
0xeeba7d00838ffe5d43da4a0c69b949784670c8d2,57,11004.66843043,168,168,44,124,11004.67,26100.84,-15096.17,0.22,-6666.67,10,1,0.994,7917.99
0x8df3e0b89ceff88af367c17423e4ef2f3543a8d4,46,14130.42684823,589,216,187,29,6463.66,10369.95,-3906.3,0.69,-2219.78,29,1784,0.108,7689.52
0xc48d912c6596a0138e058323fd9929209a66cfd8,56,11062.01129012,39,39,22,17,11062.01,17122.38,-6060.37,0.118,-5082.92,6,96,0.289,6832.42
0x44b639a83b72e0f73035e902aea293a4d2cfe8dc,69,8353.49094888,688,463,436,27,5584.97,12809.03,-7224.06,0.63,-1752.93,26,2,0.996,6308.95
0xc57c395e36d14ae6012e027b297407f7ab1167c7,47,13545.20811468,119902,485,344,141,7743.08,8108.49,-365.41,0.241,-62.75,11,1515,0.242,5738.67
0x78cecfc06e64d026c9525f400921a19ba6c386ce,24,30040.10256358,15123,1971,1209,762,4474.12,17998.52,-13524.41,0.606,-2691.66,32,29,0.986,4947.4
0x9551e7d4cd963558bb9882aecc74f549262e217f,55,11716.68501097,6482,1819,1302,517,5696.07,13792.4,-8096.33,0.356,-518.35,19,181,0.909,4875.26
0xf84a9bb19845f4d79a14e1deb475a311b4224ba9,17,37335.57673789,17115,2000,1945,55,3301.35,5275.66,-1974.31,0.764,-561.37,53,0,1.0,4171.7
0xba78871966397b1b967a06f3bbc711ddc154fc9e,36,20206.9611301,2772,2000,1182,818,4922.77,8921.98,-3999.2,0.309,-272.45,151,0,1.0,3983.96
0xbc2402383219f8d24efa9c7bb31466651dfa62f4,80,6767.21901583,513,26,16,10,3583.84,3839.62,-255.78,0.5,-200.89,7,11,0.703,3583.84
0xd7069764472387284eae4cef007864c85d7c00ec,71,8041.74711486,5320,1550,881,669,2765.59,11908.26,-9142.68,0.731,-1427.14,12,450,0.775,3404.27
0x549de4f045f71d962fff89e8c023b52b9db89c2c,68,8640.76557857,2860,429,255,174,2322.81,5043.8,-2720.99,0.506,-629.02,20,1571,0.214,2336.16
0xf0bb8ff960fa3b089e27e904d80038b36c8ed4a7,62,10043.55386613,6304,1951,1099,852,1504.57,7209.68,-5705.11,0.565,-346.73,16,49,0.976,1601.7
0xc926ddba8b7617dbc65712f20cf8e1b58b8598d3,26,27286.77393403,39905,186,72,114,991.29,1145.24,-153.95,0.772,-24.33,2,1814,0.093,1260.85
0x6cd520c1a07c9b53b33d62d04d3c2a3175161968,64,8997.10940424,993,41,24,17,485.8,485.8,0,1.0,4.13,2,1959,0.021,728.71
0x1050cf788aa24bb06e6da6dc789dfd49424be21e,22,31301.80648681,81054,1812,1079,733,807.6,5693.79,-4886.19,0.389,-72.52,4,188,0.906,717.81
0x8490a5012b338b2ecea15a5a931f02d3d4f3bb19,35,20351.69381269,84499,2000,1813,187,646.99,18600.46,-17953.47,0.508,-325.95,2,0,1.0,652.18
0x1e532f0cb079be639b86073d78e0f4006cecfeac,27,26393.61365845,80795,1680,1197,483,292.41,13284.68,-12992.27,0.511,-1870.8,8,320,0.84,295.74
0x160398a0b95383a9155081b16f9e32e18861408b,4,113959.5115048,105,0,0,0,0,0,0,0.0,0.0,0,0,0.0,0.0
0xb0026ca48937bd18c5941c05decab68b0fcced8a,6,83631.95847,297,212,210,2,39643.54,39643.54,0,1.0,6000.0,4,1788,0.106,0.0
0xbdfa4f4492dd7b7cf211209c4791af8d52bf5c50,7,72222.77368907,441,140,132,8,84385.87,94685.54,-10299.67,0.75,-9999.9,12,169,0.453,0.0
0x577ad1d3512b4def17c686eb2c08281d0e906d33,10,60003.188,15,15,14,1,60003.19,60003.19,0,1.0,60003.19,1,15,0.5,0.0
0x7177edd4e52e01f5f78093a8834529c31424c621,11,54563.82281961,55180,2000,2000,0,0,0,0,0.0,0.0,2,0,1.0,0.0
0xcb58b8f5ec6d47985f0728465c25a08ef9ad2c7b,14,39752.94800891,406,70,66,4,-4251.59,0,-4251.59,0.0,-1895.71,1,1930,0.035,0.0
0x569870903c3ef9768427135f907cb80376d1a3e0,15,38888.64,4,4,3,1,38888.64,38888.64,0,1.0,38888.64,1,546,0.007,0.0
0x259b9c4cfeadaef8a5b842710a777364988415b3,16,38268.03002009,209,0,0,0,0,0,0,0.0,0.0,0,2000,0.0,0.0
0x224d6f8b2d6510ca76ef9a747733077b25b3f59f,21,32013.11646003,11,11,5,6,32013.12,32013.12,0,1.0,0.46,2,71,0.134,0.0
0x166866a2845506f6b4c817482fe53b4985882ea6,25,28501.49370002,54,54,47,7,28501.49,32554.67,-4053.17,0.714,-3054.2,6,1854,0.028,0.0
0x9e2cbb5d800181c1ef21b25010dc4ea80eeb5508,28,25829.65109012,235,0,0,0,0,0,0,0.0,0.0,0,2000,0.0,0.0
0x14f8899fe7e772b012c9d4b9499dc86c7d30b144,29,25167.10550593,104,0,0,0,0,0,0,0.0,0.0,0,2000,0.0,0.0
0x45f717946a3fb49054ebebecbb1ab8ce9325f166,30,22379.25550921,169,0,0,0,0,0,0,0.0,0.0,0,1023,0.0,0.0
0x61b35e240c404399b8197468aeaecac51d4f86fe,32,21125.97537052,680,127,121,6,1206.78,5205.66,-3998.88,0.667,-3109.76,6,1873,0.064,0.0
0xaa23550773de942c546b3f29e7df60d8a9d85820,34,20618.0038701,34,0,0,0,0,0,0,0.0,0.0,0,2000,0.0,0.0
0x64702807a1f0f9888ea22b858099d7f481227b55,39,16552.34261868,171,0,0,0,0,0,0,0.0,0.0,0,2000,0.0,0.0
0xa51b01df1b817440932dd463fd4abaaf9beb90e3,41,16057.89900504,364,0,0,0,0,0,0,0.0,0.0,0,736,0.0,0.0
0xf770f371cc66499a89ae56aa84f9506e083f99ea,43,15426.06011069,286,39,39,0,0,0,0,0.0,0.0,1,1961,0.019,0.0
0xf4b03f6bf1c7d529194410dc3d0775a1d7bff09b,44,14773.23130002,33,0,0,0,0,0,0,0.0,0.0,0,2000,0.0,0.0
0x543d59da294b39980f3a7ae8bf52fccb046a67bc,49,13098.72351,126,0,0,0,0,0,0,0.0,0.0,0,0,0.0,0.0
0xa1d08b307a51a8caf302791445640bde80482bbf,50,13072.34543,8,0,0,0,0,0,0,0.0,0.0,0,0,0.0,0.0
0xd8074220bf74b705ac552d189e49e8df7f227eb2,51,12969.29091477,772,0,0,0,0,0,0,0.0,0.0,0,0,0.0,0.0
0xb3e475368ed0fa0ad23c04de0423d48a0758806f,52,12542.73728778,231,0,0,0,0,0,0,0.0,0.0,0,0,0.0,0.0
0xfeb63b9e4a871b644816d94a1d19517a87ce5fa0,54,12119.24648118,246,0,0,0,0,0,0,0.0,0.0,0,2000,0.0,0.0
0x78167a1f0cc35e9a7eeffda5751c4e6f3616c499,58,10929.82767,18,18,17,1,10929.83,10929.83,0,1.0,10929.83,1,1982,0.009,0.0
0x11d67fa925877813b744abc0917900c2b1d6eb81,60,10333.40000984,128,0,0,0,0,0,0,0.0,0.0,0,6,0.0,0.0
0xf212ba250bd0939d60532141da56329f8524ba67,61,10188.98443004,10,8,3,5,10235.7,10235.7,0,1.0,101.82,1,1992,0.004,0.0
0x0aeb716867494fcb430ae9c7f04c3e232d98140b,63,9418.48368611,666,71,66,5,2200.4,2200.4,0,1.0,208.32,5,17,0.807,0.0
0x556d539002b19c923a08f664564f2ec6aba5681e,66,8862.73925004,39,37,28,9,8877.23,9101.68,-224.45,0.444,-221.87,7,222,0.143,0.0
0x28c01b64f2492d82fd58feecf8c71603c769bb4a,72,7763.1746,81,81,75,6,7763.17,7763.17,0,1.0,59.0,6,1217,0.062,0.0
0xfa1413451bc8dd3484787eb3c3156a7e28c4aade,73,7743.18517605,656,0,0,0,0,0,0,0.0,0.0,0,2000,0.0,0.0
0x535e34b5ada64997afc88444271ae9b3f82b3867,75,7407.41516141,196,0,0,0,0,0,0,0.0,0.0,0,2000,0.0,0.0
0x9a1124c66975bbf97ac359ab7bfb743ad73fe838,76,7369.89894,12,12,11,1,7369.9,7369.9,0,1.0,7369.9,1,3,0.8,0.0
0xcd353c98b502b6ad583af25e781f673af28acc23,77,7218.90773529,184,53,48,5,-311.19,538.95,-850.14,0.2,-398.94,5,143,0.27,0.0
0x6abc111bd22bb38e649f81be60dfbeb35648aac6,79,7105.40562008,527,11,2,9,231.52,231.52,0,1.0,0.05,2,1989,0.005,0.0
0xd053e13157b4f76827fb919c3c8a02eed734b0b3,38,17986.98751591,18325,2000,1905,95,-736.7,5845.64,-6582.34,0.158,-2798.68,16,0,1.0,-484.67
0x11e1fdcfb680ed1e71ad336adac324d37202263c,31,22367.23260077,21165,108,84,24,-838.4,278.94,-1117.34,0.75,-870.6,7,497,0.177,-524.0
0x7258d00a24d6829ac4bf355127bfbc9e2303aed4,33,20699.08563169,4926,783,764,19,-5173.91,417.24,-5591.15,0.053,-4000.0,10,1217,0.392,-1429.63
0xa31c8c9af718d35cac18bd2164efc7460e31a8de,8,68993.61760702,1830,477,363,114,-4023.63,17450.0,-21473.63,0.974,-21215.77,16,1493,0.238,-2964.78
0x64646ff8d247b9a8fb816accc7b8c7e917cfeb64,78,7218.75893728,1600,230,205,25,-11598.05,15277.34,-26875.39,0.4,-10497.88,20,821,0.219,-5219.12
